Entity,Day,Total confirmed cases of COVID-19 per million people
United States,2020-01-04,0
United States,2020-01-05,0
United States,2020-01-06,0
United States,2020-01-07,0
United States,2020-01-08,0
United States,2020-01-09,0
United States,2020-01-10,0
United States,2020-01-11,0
United States,2020-01-12,0
United States,2020-01-13,0
United States,2020-01-14,0
United States,2020-01-15,0
United States,2020-01-16,0
United States,2020-01-17,0
United States,2020-01-18,0
United States,2020-01-19,0
United States,2020-01-20,0.0029279657
United States,2020-01-21,0.0029279657
United States,2020-01-22,0.0029279657
United States,2020-01-23,0.0029279657
United States,2020-01-24,0.0029279657
United States,2020-01-25,0.017567795
United States,2020-01-26,0.020495761
United States,2020-01-27,0.020495761
United States,2020-01-28,0.023423726
United States,2020-01-29,0.023423726
United States,2020-01-30,0.023423726
United States,2020-01-31,0.023423726
United States,2020-02-01,0.023423726
United States,2020-02-02,0.026351692
United States,2020-02-03,0.029279659
United States,2020-02-04,0.038063556
United States,2020-02-05,0.049775418
United States,2020-02-06,0.05563135
United States,2020-02-07,0.05563135
United States,2020-02-08,0.05563135
United States,2020-02-09,0.058559317
United States,2020-02-10,0.058559317
United States,2020-02-11,0.058559317
United States,2020-02-12,0.058559317
United States,2020-02-13,0.058559317
United States,2020-02-14,0.064415246
United States,2020-02-15,0.06734321
United States,2020-02-16,0.07027118
United States,2020-02-17,0.07027118
United States,2020-02-18,0.07027118
United States,2020-02-19,0.07612711
United States,2020-02-20,0.090766944
United States,2020-02-21,0.099550836
United States,2020-02-22,0.1024788
United States,2020-02-23,0.117118634
United States,2020-02-24,0.14054236
United States,2020-02-25,0.14054236
United States,2020-02-26,0.15225422
United States,2020-02-27,0.16396609
United States,2020-02-28,0.1873898
United States,2020-02-29,0.20202965
United States,2020-03-01,0.21374151
United States,2020-03-02,0.2400932
United States,2020-03-03,0.29279658
United States,2020-03-04,0.39527538
United States,2020-03-05,0.5446016
United States,2020-03-06,0.7495592
United States,2020-03-07,0.97794056
United States,2020-03-08,1.3585762
United States,2020-03-09,1.7860591
United States,2020-03-10,2.4067879
United States,2020-03-11,3.5486946
United States,2020-03-12,5.0038934
United States,2020-03-13,6.5410757
United States,2020-03-14,8.669706
United States,2020-03-15,11.503978
United States,2020-03-16,15.073168
United States,2020-03-17,21.324375
United States,2020-03-18,28.260727
United States,2020-03-19,37.715126
United States,2020-03-20,51.950897
United States,2020-03-21,69.849556
United States,2020-03-22,91.98205
United States,2020-03-23,118.655815
United States,2020-03-24,150.17537
United States,2020-03-25,181.6627
United States,2020-03-26,214.84242
United States,2020-03-27,256.17065
United States,2020-03-28,310.2619
United States,2020-03-29,369.82843
United States,2020-03-30,430.35828
United States,2020-03-31,506.9568
United States,2020-04-01,552.4457
United States,2020-04-02,620.5502
United States,2020-04-03,704.50665
United States,2020-04-04,791.7307
United States,2020-04-05,885.5925
United States,2020-04-06,979.6798
United States,2020-04-07,1058.688
United States,2020-04-08,1142.5128
United States,2020-04-09,1228.4633
United States,2020-04-10,1328.4474
United States,2020-04-11,1430.1737
United States,2020-04-12,1527.3207
United States,2020-04-13,1619.654
United States,2020-04-14,1698.9844
United States,2020-04-15,1772.898
United States,2020-04-16,1846.8555
United States,2020-04-17,1920.6636
United States,2020-04-18,2012.877
United States,2020-04-19,2101.641
United States,2020-04-20,2184.447
United States,2020-04-21,2260.779
United States,2020-04-22,2338.1594
United States,2020-04-23,2414.0728
United States,2020-04-24,2503.2878
United States,2020-04-25,2600.5286
United States,2020-04-26,2702.3572
United States,2020-04-27,2800.7456
United States,2020-04-28,2877.0574
United States,2020-04-29,2946.6199
United States,2020-04-30,3016.7007
United States,2020-05-01,3095.094
United States,2020-05-02,3186.508
United States,2020-05-03,3283.371
United States,2020-05-04,3366.2092
United States,2020-05-05,3442.1226
United States,2020-05-06,3507.4863
United States,2020-05-07,3574.4724
United States,2020-05-08,3648.96
United States,2020-05-09,3732.559
United States,2020-05-10,3816.9812
United States,2020-05-11,3892.8652
United States,2020-05-12,3953.3452
United States,2020-05-13,4011.7583
United States,2020-05-14,4081.7424
United States,2020-05-15,4132.5015
United States,2020-05-16,4233.935
United States,2020-05-17,4311.901
United States,2020-05-18,4388.265
United States,2020-05-19,4446.5815
United States,2020-05-20,4513.1753
United States,2020-05-21,4577.365
United States,2020-05-22,4646.19
United States,2020-05-23,4722.876
United States,2020-05-24,4798.895
United States,2020-05-25,4861.7437
United States,2020-05-26,4922.209
United States,2020-05-27,4978.95
United States,2020-05-28,5030.2188
United States,2020-05-29,5087.338
United States,2020-05-30,5158.1416
United States,2020-05-31,5227.655
United States,2020-06-01,5298.298
United States,2020-06-02,5361.1494
United States,2020-06-03,5411.3843
United States,2020-06-04,5472.7954
United States,2020-06-05,5533.3896
United States,2020-06-06,5594.4966
United States,2020-06-07,5666.205
United States,2020-06-08,5734.383
United States,2020-06-09,5788.4185
United States,2020-06-10,5841.564
United States,2020-06-11,5895.9688
United States,2020-06-12,5960.914
United States,2020-06-13,6027.935
United States,2020-06-14,6110.893
United States,2020-06-15,6188.291
United States,2020-06-16,6249.1284
United States,2020-06-17,6309.418
United States,2020-06-18,6381.9644
United States,2020-06-19,6457.5527
United States,2020-06-20,6541.058
United States,2020-06-21,6637.9883
United States,2020-06-22,6735.9785
United States,2020-06-23,6816.044
United States,2020-06-24,6900.071
United States,2020-06-25,7011.0024
United States,2020-06-26,7120.274
United States,2020-06-27,7257.95
United States,2020-06-28,7394.218
United States,2020-06-29,7522.032
United States,2020-06-30,7632.0737
United States,2020-07-01,7744.85
United States,2020-07-02,7883.2056
United States,2020-07-03,8056.9565
United States,2020-07-04,8219.318
United States,2020-07-05,8396.068
United States,2020-07-06,8539.474
United States,2020-07-07,8657.802
United States,2020-07-08,8806.434
United States,2020-07-09,8972.607
United States,2020-07-10,9162.267
United States,2020-07-11,9343.634
United States,2020-07-12,9544.431
United States,2020-07-13,9744.3
United States,2020-07-14,9916.112
United States,2020-07-15,10080.919
United States,2020-07-16,10269.819
United States,2020-07-17,10481.772
United States,2020-07-18,10684.332
United States,2020-07-19,10909.645
United States,2020-07-20,11106.767
United States,2020-07-21,11282.48
United States,2020-07-22,11453.821
United States,2020-07-23,11639.268
United States,2020-07-24,11851.299
United States,2020-07-25,12065.456
United States,2020-07-26,12279.643
United States,2020-07-27,12459.994
United States,2020-07-28,12629.11
United States,2020-07-29,12787.241
United States,2020-07-30,12959.136
United States,2020-07-31,13149.029
United States,2020-08-01,13342.6875
United States,2020-08-02,13542.328
United States,2020-08-03,13707.5
United States,2020-08-04,13856.385
United States,2020-08-05,13989.106
United States,2020-08-06,14141.524
United States,2020-08-07,14304.296
United States,2020-08-08,14459.961
United States,2020-08-09,14642.977
United States,2020-08-10,14794.291
United States,2020-08-11,14930.362
United States,2020-08-12,15057.369
United States,2020-08-13,15229.996
United States,2020-08-14,15389.254
United States,2020-08-15,15540.108
United States,2020-08-16,15704.839
United States,2020-08-17,15854.566
United States,2020-08-18,15976.062
United States,2020-08-19,16097.833
United States,2020-08-20,16219.71
United States,2020-08-21,16356.077
United States,2020-08-22,16491.31
United States,2020-08-23,16629.455
United States,2020-08-24,16754.041
United States,2020-08-25,16860.062
United States,2020-08-26,16964.637
United States,2020-08-27,17083.436
United States,2020-08-28,17219.38
United States,2020-08-29,17356.762
United States,2020-08-30,17493.047
United States,2020-08-31,17612.824
United States,2020-09-01,17720.09
United States,2020-09-02,17833.39
United States,2020-09-03,17948.104
United States,2020-09-04,18075.9
United States,2020-09-05,18208.455
United States,2020-09-06,18357.537
United States,2020-09-07,18477.96
United States,2020-09-08,18578.207
United States,2020-09-09,18651.043
United States,2020-09-10,18733.184
United States,2020-09-11,18834.668
United States,2020-09-12,18947.637
United States,2020-09-13,19076.707
United States,2020-09-14,19194.912
United States,2020-09-15,19291.207
United States,2020-09-16,19391.742
United States,2020-09-17,19499.535
United States,2020-09-18,19628.102
United States,2020-09-19,19758.484
United States,2020-09-20,19899.398
United States,2020-09-21,20022.902
United States,2020-09-22,20123.771
United States,2020-09-23,20244.984
United States,2020-09-24,20390
United States,2020-09-25,20511.924
United States,2020-09-26,20646.496
United States,2020-09-27,20791.766
United States,2020-09-28,20914.844
United States,2020-09-29,21018.936
United States,2020-09-30,21131.375
United States,2020-10-01,21245.217
United States,2020-10-02,21379.67
United States,2020-10-03,21516.184
United States,2020-10-04,21665.318
United States,2020-10-05,21805.062
United States,2020-10-06,21909.807
United States,2020-10-07,22031.617
United States,2020-10-08,22153.578
United States,2020-10-09,22307.572
United States,2020-10-10,22471.842
United States,2020-10-11,22643.988
United States,2020-10-12,22802.73
United States,2020-10-13,22932.8
United States,2020-10-14,23076.691
United States,2020-10-15,23224.545
United States,2020-10-16,23392.111
United States,2020-10-17,23576.707
United States,2020-10-18,23778.969
United States,2020-10-19,23938.682
United States,2020-10-20,24081.822
United States,2020-10-21,24261.488
United States,2020-10-22,24433.48
United States,2020-10-23,24634.504
United States,2020-10-24,24853.818
United States,2020-10-25,25094.906
United States,2020-10-26,25317.963
United States,2020-10-27,25510.066
United States,2020-10-28,25713.807
United States,2020-10-29,25933.29
United States,2020-10-30,26180.44
United States,2020-10-31,26447.264
United States,2020-11-01,26732.793
United States,2020-11-02,27004.459
United States,2020-11-03,27419.006
United States,2020-11-04,27674.29
United States,2020-11-05,27962.691
United States,2020-11-06,28296.113
United States,2020-11-07,28655.756
United States,2020-11-08,29046.162
United States,2020-11-09,29426.24
United States,2020-11-10,29753.143
United States,2020-11-11,30117.637
United States,2020-11-12,30544.977
United States,2020-11-13,30994.887
United States,2020-11-14,31470.096
United States,2020-11-15,31988.314
United States,2020-11-16,32469.2
United States,2020-11-17,32871.984
United States,2020-11-18,33321.055
United States,2020-11-19,33811.06
United States,2020-11-20,34311.457
United States,2020-11-21,34863.91
United States,2020-11-22,35430.086
United States,2020-11-23,35939.15
United States,2020-11-24,36377.707
United States,2020-11-25,36847.383
United States,2020-11-26,37360.312
United States,2020-11-27,37928.633
United States,2020-11-28,38353.273
United States,2020-11-29,38833.56
United States,2020-11-30,39256.867
United States,2020-12-01,39669.92
United States,2020-12-02,40114.695
United States,2020-12-03,40678.97
United States,2020-12-04,41294.055
United States,2020-12-05,41928.785
United States,2020-12-06,42584.082
United States,2020-12-07,43186
United States,2020-12-08,43703.984
United States,2020-12-09,44240.066
United States,2020-12-10,44904.664
United States,2020-12-11,45552.477
United States,2020-12-12,46163.94
United States,2020-12-13,46883.75
United States,2020-12-14,47519.566
United States,2020-12-15,48050.332
United States,2020-12-16,48630.668
United States,2020-12-17,49212.31
United States,2020-12-18,49915.797
United States,2020-12-19,50637.555
United States,2020-12-20,51328.19
United States,2020-12-21,51920.484
United States,2020-12-22,52466.344
United States,2020-12-23,53003.78
United States,2020-12-24,53582.812
United States,2020-12-25,54245.117
United States,2020-12-26,54838.176
United States,2020-12-27,55310.582
United States,2020-12-28,55741.34
United States,2020-12-29,56193.246
United States,2020-12-30,56710.836
United States,2020-12-31,57322.5
United States,2021-01-01,58012.97
United States,2021-01-02,58684.91
United States,2021-01-03,59354.086
United States,2021-01-04,60013.81
United States,2021-01-05,60615.383
United States,2021-01-06,61125.77
United States,2021-01-07,61835.63
United States,2021-01-08,62590.312
United States,2021-01-09,63380.176
United States,2021-01-10,64235.45
United States,2021-01-11,64985.867
United States,2021-01-12,65643.15
United States,2021-01-13,66240.81
United States,2021-01-14,66878.45
United States,2021-01-15,67541.28
United States,2021-01-16,68195.92
United States,2021-01-17,68890.78
United States,2021-01-18,69504.22
United States,2021-01-19,70050.53
United States,2021-01-20,70502.04
United States,2021-01-21,70941.914
United States,2021-01-22,71493.15
United States,2021-01-23,72042.57
United States,2021-01-24,72597.18
United States,2021-01-25,73081.79
United States,2021-01-26,73496.26
United States,2021-01-27,73893.266
United States,2021-01-28,74320.58
United States,2021-01-29,74786.02
United States,2021-01-30,75245.195
United States,2021-01-31,75726.08
United States,2021-02-01,76132.55
United States,2021-02-02,76460.3
United States,2021-02-03,76838.13
United States,2021-02-04,77193.38
United States,2021-02-05,77511.56
United States,2021-02-06,77870.586
United States,2021-02-07,78236.08
United States,2021-02-08,78558.68
United States,2021-02-09,78830.78
United States,2021-02-10,79067.14
United States,2021-02-11,79334.805
United States,2021-02-12,79622.74
United States,2021-02-13,79914.21
United States,2021-02-14,80199.484
United States,2021-02-15,80449.01
United States,2021-02-16,80646.39
United States,2021-02-17,80816.41
United States,2021-02-18,80982.93
United States,2021-02-19,81169.64
United States,2021-02-20,81370.41
United States,2021-02-21,81585.836
United States,2021-02-22,81777.65
United States,2021-02-23,81943.45
United States,2021-02-24,82106.89
United States,2021-02-25,82312.33
United States,2021-02-26,82524.19
United States,2021-02-27,82734.99
United States,2021-02-28,82949.54
United States,2021-03-01,83149.516
United States,2021-03-02,83303.44
United States,2021-03-03,83453.09
United States,2021-03-04,83610.51
United States,2021-03-05,83803.875
United States,2021-03-06,83993.78
United States,2021-03-07,84181.445
United States,2021-03-08,84350.42
United States,2021-03-09,84478.54
United States,2021-03-10,84603.58
United States,2021-03-11,84761.945
United States,2021-03-12,84942.76
United States,2021-03-13,85117.75
United States,2021-03-14,85305.79
United States,2021-03-15,85458.84
United States,2021-03-16,85597.13
United States,2021-03-17,85724.59
United States,2021-03-18,85876.27
United States,2021-03-19,86050.75
United States,2021-03-20,86235.5
United States,2021-03-21,86417.1
United States,2021-03-22,86588.26
United States,2021-03-23,86720.68
United States,2021-03-24,86861.89
United States,2021-03-25,87030.79
United States,2021-03-26,87229.95
United States,2021-03-27,87421.34
United States,2021-03-28,87640.45
United States,2021-03-29,87825.516
United States,2021-03-30,87981.445
United States,2021-03-31,88151.305
United States,2021-04-01,88332.23
United States,2021-04-02,88535.914
United States,2021-04-03,88751.66
United States,2021-04-04,88957.92
United States,2021-04-05,89144.42
United States,2021-04-06,89278.29
United States,2021-04-07,89443.43
United States,2021-04-08,89629.81
United States,2021-04-09,89848.32
United States,2021-04-10,90069.19
United States,2021-04-11,90292.93
United States,2021-04-12,90492.36
United States,2021-04-13,90648.234
United States,2021-04-14,90825.19
United States,2021-04-15,91036.61
United States,2021-04-16,91243.48
United States,2021-04-17,91452.82
United States,2021-04-18,91660.92
United States,2021-04-19,91887
United States,2021-04-20,92031.45
United States,2021-04-21,92134.76
United States,2021-04-22,92302.586
United States,2021-04-23,92487.19
United States,2021-04-24,92667.195
United States,2021-04-25,92849.95
United States,2021-04-26,93001.33
United States,2021-04-27,93120.92
United States,2021-04-28,93209.34
United States,2021-04-29,93356.664
United States,2021-04-30,93515.93
United States,2021-05-01,93678.85
United States,2021-05-02,93840.805
United States,2021-05-03,93982.375
United States,2021-05-04,94089.516
United States,2021-05-05,94186
United States,2021-05-06,94310.59
United States,2021-05-07,94441.01
United States,2021-05-08,94566.01
United States,2021-05-09,94696.72
United States,2021-05-10,94805.11
United States,2021-05-11,94885.74
United States,2021-05-12,94957.13
United States,2021-05-13,95053.97
United States,2021-05-14,95158.74
United States,2021-05-15,95277.14
United States,2021-05-16,95379.95
United States,2021-05-17,95467.32
United States,2021-05-18,95529.91
United States,2021-05-19,95586.86
United States,2021-05-20,95667.79
United States,2021-05-21,95748.28
United States,2021-05-22,95830.11
United States,2021-05-23,95911.7
United States,2021-05-24,95976.77
United States,2021-05-25,96023.71
United States,2021-05-26,96066.93
United States,2021-05-27,96138.87
United States,2021-05-28,96207.6
United States,2021-05-29,96271.93
United States,2021-05-30,96344.484
United States,2021-05-31,96390.24
United States,2021-06-01,96426.41
United States,2021-06-02,96453.95
United States,2021-06-03,96480.12
United States,2021-06-04,96527.1
United States,2021-06-05,96580.25
United States,2021-06-06,96634.69
United States,2021-06-07,96677.83
United States,2021-06-08,96710.28
United States,2021-06-09,96739.26
United States,2021-06-10,96781.17
United States,2021-06-11,96838.67
United States,2021-06-12,96885.3
United States,2021-06-13,96926.2
United States,2021-06-14,96962.37
United States,2021-06-15,96987.9
United States,2021-06-16,97012.13
United States,2021-06-17,97049.07
United States,2021-06-18,97087.78
United States,2021-06-19,97127.26
United States,2021-06-20,97162.28
United States,2021-06-21,97198.44
United States,2021-06-22,97224.93
United States,2021-06-23,97250.016
United States,2021-06-24,97288.92
United States,2021-06-25,97329.445
United States,2021-06-26,97375.05
United States,2021-06-27,97418.875
United States,2021-06-28,97457.805
United States,2021-06-29,97489.06
United States,2021-06-30,97519.625
United States,2021-07-01,97565.05
United States,2021-07-02,97599.125
United States,2021-07-03,97653.55
United States,2021-07-04,97703
United States,2021-07-05,97741.62
United States,2021-07-06,97772.24
United States,2021-07-07,97799.02
United States,2021-07-08,97857.47
United States,2021-07-09,97923.75
United States,2021-07-10,98461.14
United States,2021-07-11,98541.89
United States,2021-07-12,98603.01
United States,2021-07-13,98651.98
United States,2021-07-14,98736.57
United States,2021-07-15,98838.984
United States,2021-07-16,98951.12
United States,2021-07-17,99069.87
United States,2021-07-18,99193.59
United States,2021-07-19,99287.695
United States,2021-07-20,99369.66
United States,2021-07-21,99501.984
United States,2021-07-22,99651.43
United States,2021-07-23,99830.95
United States,2021-07-24,100040.914
United States,2021-07-25,100244.81
United States,2021-07-26,100402.32
United States,2021-07-27,100528.83
United States,2021-07-28,100737.43
United States,2021-07-29,100988.664
United States,2021-07-30,101249.69
United States,2021-07-31,101540.63
United States,2021-08-01,101846.664
United States,2021-08-02,102082.56
United States,2021-08-03,102261.72
United States,2021-08-04,102561.56
United States,2021-08-05,102884.47
United States,2021-08-06,103255.836
United States,2021-08-07,103630.19
United States,2021-08-08,104022.305
United States,2021-08-09,104374.4
United States,2021-08-10,104657.8
United States,2021-08-11,104930.24
United States,2021-08-12,105326.766
United States,2021-08-13,105746.87
United States,2021-08-14,106189.46
United States,2021-08-15,106617.84
United States,2021-08-16,107027.31
United States,2021-08-17,107351.47
United States,2021-08-18,107670.49
United States,2021-08-19,108110.99
United States,2021-08-20,108603.37
United States,2021-08-21,109113.95
United States,2021-08-22,109604.266
United States,2021-08-23,110019.52
United States,2021-08-24,110384
United States,2021-08-25,110737.77
United States,2021-08-26,111213.31
United States,2021-08-27,111731.28
United States,2021-08-28,112276.68
United States,2021-08-29,112810.07
United States,2021-08-30,113249.33
United States,2021-08-31,113588.01
United States,2021-09-01,113993.83
United States,2021-09-02,114511.49
United States,2021-09-03,115090.14
United States,2021-09-04,115627.18
United States,2021-09-05,116160.4
United States,2021-09-06,116575.47
United States,2021-09-07,116935.85
United States,2021-09-08,117275.51
United States,2021-09-09,117611.27
United States,2021-09-10,118112.66
United States,2021-09-11,118650.57
United States,2021-09-12,119154.445
United States,2021-09-13,119604.016
United States,2021-09-14,119937.33
United States,2021-09-15,120285.67
United States,2021-09-16,120760.43
United States,2021-09-17,121238.06
United States,2021-09-18,121728.016
United States,2021-09-19,122192.08
United States,2021-09-20,122550.97
United States,2021-09-21,122828.08
United States,2021-09-22,123116.125
United States,2021-09-23,123505.49
United States,2021-09-24,123894.125
United States,2021-09-25,124298.93
United States,2021-09-26,124687.56
United States,2021-09-27,124969.13
United States,2021-09-28,125189.43
United States,2021-09-29,125503.66
United States,2021-09-30,125841.695
United States,2021-10-01,126183.67
United States,2021-10-02,126546.86
United States,2021-10-03,126900.19
United States,2021-10-04,127140.19
United States,2021-10-05,127335.305
United States,2021-10-06,127604.14
United States,2021-10-07,127902.2
United States,2021-10-08,128248.36
United States,2021-10-09,128579.33
United States,2021-10-10,128897.016
United States,2021-10-11,129103.695
United States,2021-10-12,129274.836
United States,2021-10-13,129503.1
United States,2021-10-14,129765.56
United States,2021-10-15,130047.555
United States,2021-10-16,130331.195
United States,2021-10-17,130601.79
United States,2021-10-18,130786.26
United States,2021-10-19,130925.76
United States,2021-10-20,131137.52
United States,2021-10-21,131373.5
United States,2021-10-22,131597.58
United States,2021-10-23,131853.98
United States,2021-10-24,132090.78
United States,2021-10-25,132196.53
United States,2021-10-26,132278.67
United States,2021-10-27,132525.97
United States,2021-10-28,132824
United States,2021-10-29,133070.53
United States,2021-10-30,133372.47
United States,2021-10-31,133631.44
United States,2021-11-01,133733.77
United States,2021-11-02,133807.98
United States,2021-11-03,134153.03
United States,2021-11-04,134371.44
United States,2021-11-05,134602.06
United States,2021-11-06,134862.22
United States,2021-11-07,135125.31
United States,2021-11-08,135230.69
United States,2021-11-09,135322.98
United States,2021-11-10,135663.78
United States,2021-11-11,135906.45
United States,2021-11-12,136180.95
United States,2021-11-13,136396.58
United States,2021-11-14,136756.72
United States,2021-11-15,136959.56
United States,2021-11-16,137057.92
United States,2021-11-17,137449.06
United States,2021-11-18,137732.83
United States,2021-11-19,138042.64
United States,2021-11-20,138405.33
United States,2021-11-21,138738.6
United States,2021-11-22,138873.84
United States,2021-11-23,138987.31
United States,2021-11-24,139412.97
United States,2021-11-25,139708.89
United States,2021-11-26,140020.81
United States,2021-11-27,140233.75
United States,2021-11-28,140473.1
United States,2021-11-29,140624.77
United States,2021-11-30,140790.31
United States,2021-12-01,141064.02
United States,2021-12-02,141417.39
United States,2021-12-03,141807.03
United States,2021-12-04,142228.27
United States,2021-12-05,142672.05
United States,2021-12-06,142869.27
United States,2021-12-07,143031.22
United States,2021-12-08,143570.1
United States,2021-12-09,143937.69
United States,2021-12-10,144317.47
United States,2021-12-11,144719.86
United States,2021-12-12,145116.81
United States,2021-12-13,145304.11
United States,2021-12-14,145474.25
United States,2021-12-15,146017.92
United States,2021-12-16,146385.22
United States,2021-12-17,146814.1
United States,2021-12-18,147290.38
United States,2021-12-19,147749.38
United States,2021-12-20,148005.81
United States,2021-12-21,148305.1
United States,2021-12-22,149084.39
United States,2021-12-23,149679.7
United States,2021-12-24,150376.22
United States,2021-12-25,151192.58
United States,2021-12-26,151899.53
United States,2021-12-27,152238.66
United States,2021-12-28,152857.3
United States,2021-12-29,154217.31
United States,2021-12-30,155357.8
United States,2021-12-31,156746.56
United States,2022-01-01,158458.39
United States,2022-01-02,159840.28
United States,2022-01-03,160727.33
United States,2022-01-04,161871.75
United States,2022-01-05,164513.92
United States,2022-01-06,166658.7
United States,2022-01-07,168716.44
United States,2022-01-08,171054.23
United States,2022-01-09,173551.64
United States,2022-01-10,174865.55
United States,2022-01-11,176290.12
United States,2022-01-12,179995.53
United States,2022-01-13,182348.27
United States,2022-01-14,184854.25
United States,2022-01-15,187466.88
United States,2022-01-16,190097.39
United States,2022-01-17,191461.69
United States,2022-01-18,192687.73
United States,2022-01-19,195523.38
United States,2022-01-20,198030.56
United States,2022-01-21,200315.75
United States,2022-01-22,202589.28
United States,2022-01-23,204862.78
United States,2022-01-24,205824.81
United States,2022-01-25,206746.97
United States,2022-01-26,209707.58
United States,2022-01-27,211151.73
United States,2022-01-28,212748.14
United States,2022-01-29,214425.34
United States,2022-01-30,215957.62
United States,2022-01-31,216608.12
United States,2022-02-01,217071.38
United States,2022-02-02,218759.4
United States,2022-02-03,219627.42
United States,2022-02-04,220515.78
United States,2022-02-05,221540.72
United States,2022-02-06,222366.1
United States,2022-02-07,222672.83
United States,2022-02-08,222955.61
United States,2022-02-09,223849.69
United States,2022-02-10,224429.19
United States,2022-02-11,225004.22
United States,2022-02-12,225489.66
United States,2022-02-13,225944.39
United States,2022-02-14,226143.16
United States,2022-02-15,226283.42
United States,2022-02-16,226793.75
United States,2022-02-17,227110.2
United States,2022-02-18,227419.73
United States,2022-02-19,227713.92
United States,2022-02-20,228017.84
United States,2022-02-21,228137.3
United States,2022-02-22,228228.58
United States,2022-02-23,228370.33
United States,2022-02-24,228707.11
United States,2022-02-25,228922.78
United States,2022-02-26,229142.56
United States,2022-02-27,229359.66
United States,2022-02-28,229434.78
United States,2022-03-01,229487.98
United States,2022-03-02,229711.2
United States,2022-03-03,229898.06
United States,2022-03-04,230052.61
United States,2022-03-05,230203.77
United States,2022-03-06,230333.22
United States,2022-03-07,230375.08
United States,2022-03-08,230401.25
United States,2022-03-09,230568.95
United States,2022-03-10,230660.22
United States,2022-03-11,230795.23
United States,2022-03-12,230911.17
United States,2022-03-13,231019.34
United States,2022-03-14,231054.94
United States,2022-03-15,231081.66
United States,2022-03-16,231260.17
United States,2022-03-17,231331.89
United States,2022-03-18,231442.66
United States,2022-03-19,231539.75
United States,2022-03-20,231630.53
United States,2022-03-21,231659.45
United States,2022-03-22,231688.84
United States,2022-03-23,231802.53
United States,2022-03-24,231875.06
United States,2022-03-25,232007.3
United States,2022-03-26,232112.92
United States,2022-03-27,232197
United States,2022-03-28,232233.62
United States,2022-03-29,232262.19
United States,2022-03-30,232357.12
United States,2022-03-31,232427.62
United States,2022-04-01,232568.88
United States,2022-04-02,232686.17
United States,2022-04-03,232766.38
United States,2022-04-04,232800.56
United States,2022-04-05,232831.45
United States,2022-04-06,232910.3
United States,2022-04-07,233008.02
United States,2022-04-08,233131.75
United States,2022-04-09,233230.73
United States,2022-04-10,233355.47
United States,2022-04-11,233396.61
United States,2022-04-12,233447.3
United States,2022-04-13,233548.53
United States,2022-04-14,233632.81
United States,2022-04-15,233767.94
United States,2022-04-16,233951.55
United States,2022-04-17,234081.42
United States,2022-04-18,234130.66
United States,2022-04-19,234185.61
United States,2022-04-20,234291.02
United States,2022-04-21,234447.42
United States,2022-04-22,234615.52
United States,2022-04-23,234760.48
United States,2022-04-24,234961.92
United States,2022-04-25,235030.61
United States,2022-04-26,235092.39
United States,2022-04-27,235238.38
United States,2022-04-28,235426.98
United States,2022-04-29,235652.86
United States,2022-04-30,235834.14
United States,2022-05-01,236070.3
United States,2022-05-02,236146.25
United States,2022-05-03,236224.64
United States,2022-05-04,236412.33
United States,2022-05-05,236624.8
United States,2022-05-06,236919.16
United States,2022-05-07,237153.42
United States,2022-05-08,237433.73
United States,2022-05-09,237514.3
United States,2022-05-10,237607.27
United States,2022-05-11,237902.94
United States,2022-05-12,238196.47
United States,2022-05-13,238570.66
United States,2022-05-14,238859.66
United States,2022-05-15,239205.02
United States,2022-05-16,239290.22
United States,2022-05-17,239425.56
United States,2022-05-18,239786.86
United States,2022-05-19,240166.38
United States,2022-05-20,240595.08
United States,2022-05-21,240916.38
United States,2022-05-22,241355.6
United States,2022-05-23,241462.19
United States,2022-05-24,241593.6
United States,2022-05-25,241918.22
United States,2022-05-26,242308.64
United States,2022-05-27,242759.31
United States,2022-05-28,243090.67
United States,2022-05-29,243524.39
United States,2022-05-30,243629.95
United States,2022-05-31,243733.8
United States,2022-06-01,243896.38
United States,2022-06-02,244353.08
United States,2022-06-03,244765.78
United States,2022-06-04,245092.42
United States,2022-06-05,245502.61
United States,2022-06-06,245641.61
United States,2022-06-07,245768.42
United States,2022-06-08,246060.23
United States,2022-06-09,246506.19
United States,2022-06-10,246929.45
United States,2022-06-11,247239.72
United States,2022-06-12,247672.36
United States,2022-06-13,247782.77
United States,2022-06-14,247896.14
United States,2022-06-15,248163.62
United States,2022-06-16,248567.72
United States,2022-06-17,248986.94
United States,2022-06-18,249272.62
United States,2022-06-19,249640.7
United States,2022-06-20,249745.67
United States,2022-06-21,249849.67
United States,2022-06-22,250002.64
United States,2022-06-23,250548.69
United States,2022-06-24,250941.61
United States,2022-06-25,251239.88
United States,2022-06-26,251718.5
United States,2022-06-27,251847.36
United States,2022-06-28,251976.72
United States,2022-06-29,252259.34
United States,2022-06-30,252712.58
United States,2022-07-01,253148.72
United States,2022-07-02,253479.16
United States,2022-07-03,253984.08
United States,2022-07-04,254125.14
United States,2022-07-05,254260.39
United States,2022-07-06,254394.34
United States,2022-07-07,254891.19
United States,2022-07-08,255317.94
United States,2022-07-09,255671.03
United States,2022-07-10,256161.8
United States,2022-07-11,256324.53
United States,2022-07-12,256491.83
United States,2022-07-13,256824.61
United States,2022-07-14,257363.75
United States,2022-07-15,257820.52
United States,2022-07-16,258227.45
United States,2022-07-17,258762.52
United States,2022-07-18,258931.1
United States,2022-07-19,259095.27
United States,2022-07-20,259393
United States,2022-07-21,259918.2
United States,2022-07-22,260383.4
United States,2022-07-23,260818.05
United States,2022-07-24,261423.14
United States,2022-07-25,261579.08
United States,2022-07-26,261738.94
United States,2022-07-27,262050.48
United States,2022-07-28,262544.38
United States,2022-07-29,263015.28
United States,2022-07-30,263439.34
United States,2022-07-31,264198.8
United States,2022-08-01,264309.8
United States,2022-08-02,264420.9
United States,2022-08-03,264769.44
United States,2022-08-04,265241.88
United States,2022-08-05,265680.6
United States,2022-08-06,266065.3
United States,2022-08-07,266506.2
United States,2022-08-08,266603.5
United States,2022-08-09,266699.56
United States,2022-08-10,266988.34
United States,2022-08-11,267390.25
United States,2022-08-12,267795.38
United States,2022-08-13,268161.72
United States,2022-08-14,268560.5
United States,2022-08-15,268650.06
United States,2022-08-16,268711.84
United States,2022-08-17,269002.7
United States,2022-08-18,269373.47
United States,2022-08-19,269724.88
United States,2022-08-20,270059.53
United States,2022-08-21,270448.8
United States,2022-08-22,270532.62
United States,2022-08-23,270614.3
United States,2022-08-24,270853.53
United States,2022-08-25,271193.12
United States,2022-08-26,271575.47
United States,2022-08-27,271897.84
United States,2022-08-28,272235.84
United States,2022-08-29,272321.25
United States,2022-08-30,272400.53
United States,2022-08-31,272629.66
United States,2022-09-01,272969.9
United States,2022-09-02,273324
United States,2022-09-03,273627.3
United States,2022-09-04,273935.12
United States,2022-09-05,274008.06
United States,2022-09-06,274079.1
United States,2022-09-07,274144.8
United States,2022-09-08,274493.22
United States,2022-09-09,274761.7
United States,2022-09-10,275011.34
United States,2022-09-11,275251.28
United States,2022-09-12,275316.06
United States,2022-09-13,275375.25
United States,2022-09-14,275544.84
United States,2022-09-15,275714.6
United States,2022-09-16,275976.72
United States,2022-09-17,276262.38
United States,2022-09-18,276442.66
United States,2022-09-19,276494.12
United States,2022-09-20,276553.22
United States,2022-09-21,276684.38
United States,2022-09-22,276829.6
United States,2022-09-23,277075.47
United States,2022-09-24,277365.9
United States,2022-09-25,277522.28
United States,2022-09-26,277568.75
United States,2022-09-27,277613.53
United States,2022-09-28,277723.75
United States,2022-09-29,277842
United States,2022-09-30,278070.88
United States,2022-10-01,278326.06
United States,2022-10-02,278462.84
United States,2022-10-03,278498.56
United States,2022-10-04,278539.12
United States,2022-10-05,278633.9
United States,2022-10-06,278744.16
United States,2022-10-07,278932.12
United States,2022-10-08,279162.25
United States,2022-10-09,279284.38
United States,2022-10-10,279317.56
United States,2022-10-11,279356.28
United States,2022-10-12,279427.78
United States,2022-10-13,279539.5
United States,2022-10-14,279707.75
United States,2022-10-15,279921.44
United States,2022-10-16,280020.12
United States,2022-10-17,280037.84
United States,2022-10-18,280070.47
United States,2022-10-19,280169.62
United States,2022-10-20,280283.8
United States,2022-10-21,280283.8
United States,2022-10-22,280850.88
United States,2022-10-23,280850.88
United States,2022-10-24,280850.88
United States,2022-10-25,280850.88
United States,2022-10-26,280850.88
United States,2022-10-27,280850.88
United States,2022-10-28,281597.97
United States,2022-10-29,281597.97
United States,2022-10-30,281597.97
United States,2022-10-31,281597.97
United States,2022-11-01,281597.97
United States,2022-11-02,281597.97
United States,2022-11-03,281597.97
United States,2022-11-04,282380.62
United States,2022-11-05,282380.62
United States,2022-11-06,282380.62
United States,2022-11-07,282380.62
United States,2022-11-08,282380.62
United States,2022-11-09,282380.62
United States,2022-11-10,282380.62
United States,2022-11-11,283208.94
United States,2022-11-12,283208.94
United States,2022-11-13,283208.94
United States,2022-11-14,283208.94
United States,2022-11-15,283208.94
United States,2022-11-16,283208.94
United States,2022-11-17,283208.94
United States,2022-11-18,284014.1
United States,2022-11-19,284014.1
United States,2022-11-20,284014.1
United States,2022-11-21,284014.1
United States,2022-11-22,284014.1
United States,2022-11-23,284014.1
United States,2022-11-24,284014.1
United States,2022-11-25,284892.97
United States,2022-11-26,284892.97
United States,2022-11-27,284892.97
United States,2022-11-28,284892.97
United States,2022-11-29,284892.97
United States,2022-11-30,284892.97
United States,2022-12-01,284892.97
United States,2022-12-02,285778.97
United States,2022-12-03,285778.97
United States,2022-12-04,285778.97
United States,2022-12-05,285778.97
United States,2022-12-06,285778.97
United States,2022-12-07,285778.97
United States,2022-12-08,285778.97
United States,2022-12-09,287132.34
United States,2022-12-10,287132.34
United States,2022-12-11,287132.34
United States,2022-12-12,287132.34
United States,2022-12-13,287132.34
United States,2022-12-14,287132.34
United States,2022-12-15,287132.34
United States,2022-12-16,288438.25
United States,2022-12-17,288438.25
United States,2022-12-18,288438.25
United States,2022-12-19,288438.25
United States,2022-12-20,288438.25
United States,2022-12-21,288438.25
United States,2022-12-22,288438.25
United States,2022-12-23,289925.7
United States,2022-12-24,289925.7
United States,2022-12-25,289925.7
United States,2022-12-26,289925.7
United States,2022-12-27,289925.7
United States,2022-12-28,289925.7
United States,2022-12-29,289925.7
United States,2022-12-30,291074.06
United States,2022-12-31,291074.06
United States,2023-01-01,291074.06
United States,2023-01-02,291074.06
United States,2023-01-03,291074.06
United States,2023-01-04,291074.06
United States,2023-01-05,291074.06
United States,2023-01-06,292455.22
United States,2023-01-07,292455.22
United States,2023-01-08,292455.22
United States,2023-01-09,292455.22
United States,2023-01-10,292455.22
United States,2023-01-11,292455.22
United States,2023-01-12,292455.22
United States,2023-01-13,293767.22
United States,2023-01-14,293767.22
United States,2023-01-15,293767.22
United States,2023-01-16,293767.22
United States,2023-01-17,293767.22
United States,2023-01-18,293767.22
United States,2023-01-19,293767.22
United States,2023-01-20,294669.1
United States,2023-01-21,294669.1
United States,2023-01-22,294669.1
United States,2023-01-23,294669.1
United States,2023-01-24,294669.1
United States,2023-01-25,294669.1
United States,2023-01-26,294669.1
United States,2023-01-27,295532.47
United States,2023-01-28,295532.47
United States,2023-01-29,295532.47
United States,2023-01-30,295532.47
United States,2023-01-31,295532.47
United States,2023-02-01,295532.47
United States,2023-02-02,295532.47
United States,2023-02-03,296368.1
United States,2023-02-04,296368.1
United States,2023-02-05,296368.1
United States,2023-02-06,296368.1
United States,2023-02-07,296368.1
United States,2023-02-08,296368.1
United States,2023-02-09,296368.1
United States,2023-02-10,297182.75
United States,2023-02-11,297182.75
United States,2023-02-12,297182.75
United States,2023-02-13,297182.75
United States,2023-02-14,297182.75
United States,2023-02-15,297182.75
United States,2023-02-16,297182.75
United States,2023-02-17,297927.53
United States,2023-02-18,297927.53
United States,2023-02-19,297927.53
United States,2023-02-20,297927.53
United States,2023-02-21,297927.53
United States,2023-02-22,297927.53
United States,2023-02-23,297927.53
United States,2023-02-24,297927.53
United States,2023-02-25,298709.78
United States,2023-02-26,298709.78
United States,2023-02-27,298709.78
United States,2023-02-28,298709.78
United States,2023-03-01,298709.78
United States,2023-03-02,298709.78
United States,2023-03-03,298709.78
United States,2023-03-04,299376.88
United States,2023-03-05,299376.88
United States,2023-03-06,299376.88
United States,2023-03-07,299376.88
United States,2023-03-08,299376.88
United States,2023-03-09,299376.88
United States,2023-03-10,299376.88
United States,2023-03-11,299876.38
United States,2023-03-12,299876.38
United States,2023-03-13,299876.38
United States,2023-03-14,299876.38
United States,2023-03-15,299876.38
United States,2023-03-16,299876.38
United States,2023-03-17,299876.38
United States,2023-03-18,300247.1
United States,2023-03-19,300247.1
United States,2023-03-20,300247.1
United States,2023-03-21,300247.1
United States,2023-03-22,300247.1
United States,2023-03-23,300247.1
United States,2023-03-24,300247.1
United States,2023-03-25,300694.97
United States,2023-03-26,300694.97
United States,2023-03-27,300694.97
United States,2023-03-28,300694.97
United States,2023-03-29,300694.97
United States,2023-03-30,300694.97
United States,2023-03-31,300694.97
United States,2023-04-01,301211.34
United States,2023-04-02,301211.34
United States,2023-04-03,301211.34
United States,2023-04-04,301211.34
United States,2023-04-05,301211.34
United States,2023-04-06,301211.34
United States,2023-04-07,301211.34
United States,2023-04-08,301211.34
United States,2023-04-09,301514.28
United States,2023-04-10,301514.28
United States,2023-04-11,301514.28
United States,2023-04-12,301514.28
United States,2023-04-13,301514.28
United States,2023-04-14,301514.28
United States,2023-04-15,301514.28
United States,2023-04-16,301818.97
United States,2023-04-17,301818.97
United States,2023-04-18,301818.97
United States,2023-04-19,301818.97
United States,2023-04-20,301818.97
United States,2023-04-21,301818.97
United States,2023-04-22,301818.97
United States,2023-04-23,302107.28
United States,2023-04-24,302107.28
United States,2023-04-25,302107.28
United States,2023-04-26,302107.28
United States,2023-04-27,302107.28
United States,2023-04-28,302107.28
United States,2023-04-29,302107.28
United States,2023-04-30,302360.5
United States,2023-05-01,302360.5
United States,2023-05-02,302360.5
United States,2023-05-03,302360.5
United States,2023-05-04,302360.5
United States,2023-05-05,302360.5
United States,2023-05-06,302360.5
United States,2023-05-07,302586.44
United States,2023-05-08,302586.44
United States,2023-05-09,302586.44
United States,2023-05-10,302586.44
United States,2023-05-11,302586.44
United States,2023-05-12,302586.44
United States,2023-05-13,302586.44
United States,2023-05-14,302859.5
United States,2023-05-15,302859.5
United States,2023-05-16,302859.5
United States,2023-05-17,302859.5
United States,2023-05-18,302859.5
United States,2023-05-19,302859.5
United States,2023-05-20,302859.5
United States,2023-05-21,302859.5
United States,2023-05-22,302859.5
United States,2023-05-23,302859.5
United States,2023-05-24,302859.5
United States,2023-05-25,302859.5
United States,2023-05-26,302859.5
United States,2023-05-27,302859.5
United States,2023-05-28,302859.5
United States,2023-05-29,302859.5
United States,2023-05-30,302859.5
United States,2023-05-31,302859.5
United States,2023-06-01,302859.5
United States,2023-06-02,302859.5
United States,2023-06-03,302859.5
United States,2023-06-04,302859.5
United States,2023-06-05,302859.5
United States,2023-06-06,302859.5
United States,2023-06-07,302859.5
United States,2023-06-08,302859.5
United States,2023-06-09,302859.5
United States,2023-06-10,302859.5
United States,2023-06-11,302859.5
United States,2023-06-12,302859.5
United States,2023-06-13,302859.5
United States,2023-06-14,302859.5
United States,2023-06-15,302859.5
United States,2023-06-16,302859.5
United States,2023-06-17,302859.5
United States,2023-06-18,302859.5
United States,2023-06-19,302859.5
United States,2023-06-20,302859.5
United States,2023-06-21,302859.5
United States,2023-06-22,302859.5
United States,2023-06-23,302859.5
United States,2023-06-24,302859.5
United States,2023-06-25,302859.5
United States,2023-06-26,302859.5
United States,2023-06-27,302859.5
United States,2023-06-28,302859.5
United States,2023-06-29,302859.5
United States,2023-06-30,302859.5
United States,2023-07-01,302859.5
United States,2023-07-02,302859.5
United States,2023-07-03,302859.5
United States,2023-07-04,302859.5
United States,2023-07-05,302859.5
United States,2023-07-06,302859.5
United States,2023-07-07,302859.5
United States,2023-07-08,302859.5
United States,2023-07-09,302859.5
United States,2023-07-10,302859.5
United States,2023-07-11,302859.5
United States,2023-07-12,302859.5
United States,2023-07-13,302859.5
United States,2023-07-14,302859.5
United States,2023-07-15,302859.5
United States,2023-07-16,302859.5
United States,2023-07-17,302859.5
United States,2023-07-18,302859.5
United States,2023-07-19,302859.5
United States,2023-07-20,302859.5
United States,2023-07-21,302859.5
United States,2023-07-22,302859.5
United States,2023-07-23,302859.5
United States,2023-07-24,302859.5
United States,2023-07-25,302859.5
United States,2023-07-26,302859.5
United States,2023-07-27,302859.5
United States,2023-07-28,302859.5
United States,2023-07-29,302859.5
United States,2023-07-30,302859.5
United States,2023-07-31,302859.5
United States,2023-08-01,302859.5
United States,2023-08-02,302859.5
United States,2023-08-03,302859.5
United States,2023-08-04,302859.5
United States,2023-08-05,302859.5
United States,2023-08-06,302859.5
United States,2023-08-07,302859.5
United States,2023-08-08,302859.5
United States,2023-08-09,302859.5
United States,2023-08-10,302859.5
United States,2023-08-11,302859.5
United States,2023-08-12,302859.5
United States,2023-08-13,302859.5
United States,2023-08-14,302859.5
United States,2023-08-15,302859.5
United States,2023-08-16,302859.5
United States,2023-08-17,302859.5
United States,2023-08-18,302859.5
United States,2023-08-19,302859.5
United States,2023-08-20,302859.5
United States,2023-08-21,302859.5
United States,2023-08-22,302859.5
United States,2023-08-23,302859.5
United States,2023-08-24,302859.5
United States,2023-08-25,302859.5
United States,2023-08-26,302859.5
United States,2023-08-27,302859.5
United States,2023-08-28,302859.5
United States,2023-08-29,302859.5
United States,2023-08-30,302859.5
United States,2023-08-31,302859.5
United States,2023-09-01,302859.5
United States,2023-09-02,302859.5
United States,2023-09-03,302859.5
United States,2023-09-04,302859.5
United States,2023-09-05,302859.5
United States,2023-09-06,302859.5
United States,2023-09-07,302859.5
United States,2023-09-08,302859.5
United States,2023-09-09,302859.5
United States,2023-09-10,302859.5
United States,2023-09-11,302859.5
United States,2023-09-12,302859.5
United States,2023-09-13,302859.5
United States,2023-09-14,302859.5
United States,2023-09-15,302859.5
United States,2023-09-16,302859.5
United States,2023-09-17,302859.5
United States,2023-09-18,302859.5
United States,2023-09-19,302859.5
United States,2023-09-20,302859.5
United States,2023-09-21,302859.5
United States,2023-09-22,302859.5
United States,2023-09-23,302859.5
United States,2023-09-24,302859.5
United States,2023-09-25,302859.5
United States,2023-09-26,302859.5
United States,2023-09-27,302859.5
United States,2023-09-28,302859.5
United States,2023-09-29,302859.5
United States,2023-09-30,302859.5
United States,2023-10-01,302859.5
United States,2023-10-02,302859.5
United States,2023-10-03,302859.5
United States,2023-10-04,302859.5
United States,2023-10-05,302859.5
United States,2023-10-06,302859.5
United States,2023-10-07,302859.5
United States,2023-10-08,302859.5
United States,2023-10-09,302859.5
United States,2023-10-10,302859.5
United States,2023-10-11,302859.5
United States,2023-10-12,302859.5
United States,2023-10-13,302859.5
United States,2023-10-14,302859.5
United States,2023-10-15,302859.5
United States,2023-10-16,302859.5
United States,2023-10-17,302859.5
United States,2023-10-18,302859.5
United States,2023-10-19,302859.5
United States,2023-10-20,302859.5
United States,2023-10-21,302859.5
United States,2023-10-22,302859.5
United States,2023-10-23,302859.5
United States,2023-10-24,302859.5
United States,2023-10-25,302859.5
United States,2023-10-26,302859.5
United States,2023-10-27,302859.5
United States,2023-10-28,302859.5
United States,2023-10-29,302859.5
United States,2023-10-30,302859.5
United States,2023-10-31,302859.5
United States,2023-11-01,302859.5
United States,2023-11-02,302859.5
United States,2023-11-03,302859.5
United States,2023-11-04,302859.5
United States,2023-11-05,302859.5
United States,2023-11-06,302859.5
United States,2023-11-07,302859.5
United States,2023-11-08,302859.5
United States,2023-11-09,302859.5
United States,2023-11-10,302859.5
United States,2023-11-11,302859.5
United States,2023-11-12,302859.5
United States,2023-11-13,302859.5
United States,2023-11-14,302859.5
United States,2023-11-15,302859.5
United States,2023-11-16,302859.5
United States,2023-11-17,302859.5
United States,2023-11-18,302859.5
United States,2023-11-19,302859.5
United States,2023-11-20,302859.5
United States,2023-11-21,302859.5
United States,2023-11-22,302859.5
United States,2023-11-23,302859.5
United States,2023-11-24,302859.5
United States,2023-11-25,302859.5
United States,2023-11-26,302859.5
United States,2023-11-27,302859.5
United States,2023-11-28,302859.5
United States,2023-11-29,302859.5
United States,2023-11-30,302859.5
United States,2023-12-01,302859.5
United States,2023-12-02,302859.5
United States,2023-12-03,302859.5
United States,2023-12-04,302859.5
United States,2023-12-05,302859.5
United States,2023-12-06,302859.5
United States,2023-12-07,302859.5
United States,2023-12-08,302859.5
United States,2023-12-09,302859.5
United States,2023-12-10,302859.5
United States,2023-12-11,302859.5
United States,2023-12-12,302859.5
United States,2023-12-13,302859.5
United States,2023-12-14,302859.5
United States,2023-12-15,302859.5
United States,2023-12-16,302859.5
United States,2023-12-17,302859.5
United States,2023-12-18,302859.5
United States,2023-12-19,302859.5
United States,2023-12-20,302859.5
United States,2023-12-21,302859.5
United States,2023-12-22,302859.5
United States,2023-12-23,302859.5
United States,2023-12-24,302859.5
United States,2023-12-25,302859.5
United States,2023-12-26,302859.5
United States,2023-12-27,302859.5
United States,2023-12-28,302859.5
United States,2023-12-29,302859.5
United States,2023-12-30,302859.5
United States,2023-12-31,302859.5
United States,2024-01-01,302859.5
United States,2024-01-02,302859.5
United States,2024-01-03,302859.5
United States,2024-01-04,302859.5
United States,2024-01-05,302859.5
United States,2024-01-06,302859.5
United States,2024-01-07,302859.5
United States,2024-01-08,302859.5
United States,2024-01-09,302859.5
United States,2024-01-10,302859.5
United States,2024-01-11,302859.5
United States,2024-01-12,302859.5
United States,2024-01-13,302859.5
United States,2024-01-14,302859.5
United States,2024-01-15,302859.5
United States,2024-01-16,302859.5
United States,2024-01-17,302859.5
United States,2024-01-18,302859.5
United States,2024-01-19,302859.5
United States,2024-01-20,302859.5
United States,2024-01-21,302859.5
United States,2024-01-22,302859.5
United States,2024-01-23,302859.5
United States,2024-01-24,302859.5
United States,2024-01-25,302859.5
United States,2024-01-26,302859.5
United States,2024-01-27,302859.5
United States,2024-01-28,302859.5
United States,2024-01-29,302859.5
United States,2024-01-30,302859.5
United States,2024-01-31,302859.5
United States,2024-02-01,302859.5
United States,2024-02-02,302859.5
United States,2024-02-03,302859.5
United States,2024-02-04,302859.5
United States,2024-02-05,302859.5
United States,2024-02-06,302859.5
United States,2024-02-07,302859.5
United States,2024-02-08,302859.5
United States,2024-02-09,302859.5
United States,2024-02-10,302859.5
United States,2024-02-11,302859.5
United States,2024-02-12,302859.5
United States,2024-02-13,302859.5
United States,2024-02-14,302859.5
United States,2024-02-15,302859.5
United States,2024-02-16,302859.5
United States,2024-02-17,302859.5
United States,2024-02-18,302859.5
United States,2024-02-19,302859.5
United States,2024-02-20,302859.5
United States,2024-02-21,302859.5
United States,2024-02-22,302859.5
United States,2024-02-23,302859.5
United States,2024-02-24,302859.5
United States,2024-02-25,302859.5
United States,2024-02-26,302859.5
United States,2024-02-27,302859.5
United States,2024-02-28,302859.5
United States,2024-02-29,302859.5
United States,2024-03-01,302859.5
United States,2024-03-02,302859.5
United States,2024-03-03,302859.5
United States,2024-03-04,302859.5
United States,2024-03-05,302859.5
United States,2024-03-06,302859.5
United States,2024-03-07,302859.5
United States,2024-03-08,302859.5
United States,2024-03-09,302859.5
United States,2024-03-10,302859.5
United States,2024-03-11,302859.5
United States,2024-03-12,302859.5
United States,2024-03-13,302859.5
United States,2024-03-14,302859.5
United States,2024-03-15,302859.5
United States,2024-03-16,302859.5
United States,2024-03-17,302859.5
United States,2024-03-18,302859.5
United States,2024-03-19,302859.5
United States,2024-03-20,302859.5
United States,2024-03-21,302859.5
United States,2024-03-22,302859.5
United States,2024-03-23,302859.5
United States,2024-03-24,302859.5
United States,2024-03-25,302859.5
United States,2024-03-26,302859.5
United States,2024-03-27,302859.5
United States,2024-03-28,302859.5
United States,2024-03-29,302859.5
United States,2024-03-30,302859.5
United States,2024-03-31,302859.5
United States,2024-04-01,302859.5
United States,2024-04-02,302859.5
United States,2024-04-03,302859.5
United States,2024-04-04,302859.5
United States,2024-04-05,302859.5
United States,2024-04-06,302859.5
United States,2024-04-07,302859.5
United States,2024-04-08,302859.5
United States,2024-04-09,302859.5
United States,2024-04-10,302859.5
United States,2024-04-11,302859.5
United States,2024-04-12,302859.5
United States,2024-04-13,302859.5
United States,2024-04-14,302859.5
United States,2024-04-15,302859.5
United States,2024-04-16,302859.5
United States,2024-04-17,302859.5
United States,2024-04-18,302859.5
United States,2024-04-19,302859.5
United States,2024-04-20,302859.5
United States,2024-04-21,302859.5
United States,2024-04-22,302859.5
United States,2024-04-23,302859.5
United States,2024-04-24,302859.5
United States,2024-04-25,302859.5
United States,2024-04-26,302859.5
United States,2024-04-27,302859.5
United States,2024-04-28,302859.5
United States,2024-04-29,302859.5
United States,2024-04-30,302859.5
United States,2024-05-01,302859.5
United States,2024-05-02,302859.5
United States,2024-05-03,302859.5
United States,2024-05-04,302859.5
United States,2024-05-05,302859.5
United States,2024-05-06,302859.5
United States,2024-05-07,302859.5
United States,2024-05-08,302859.5
United States,2024-05-09,302859.5
United States,2024-05-10,302859.5
United States,2024-05-11,302859.5
United States,2024-05-12,302859.5
United States,2024-05-13,302859.5
United States,2024-05-14,302859.5
United States,2024-05-15,302859.5
United States,2024-05-16,302859.5
United States,2024-05-17,302859.5
United States,2024-05-18,302859.5
United States,2024-05-19,302859.5
United States,2024-05-20,302859.5
United States,2024-05-21,302859.5
United States,2024-05-22,302859.5
United States,2024-05-23,302859.5
United States,2024-05-24,302859.5
United States,2024-05-25,302859.5
United States,2024-05-26,302859.5
United States,2024-05-27,302859.5
United States,2024-05-28,302859.5
United States,2024-05-29,302859.5
United States,2024-05-30,302859.5
United States,2024-05-31,302859.5
United States,2024-06-01,302859.5
United States,2024-06-02,302859.5
United States,2024-06-03,302859.5
United States,2024-06-04,302859.5
United States,2024-06-05,302859.5
United States,2024-06-06,302859.5
United States,2024-06-07,302859.5
United States,2024-06-08,302859.5
United States,2024-06-09,302859.5
United States,2024-06-10,302859.5
United States,2024-06-11,302859.5
United States,2024-06-12,302859.5
United States,2024-06-13,302859.5
United States,2024-06-14,302859.5
United States,2024-06-15,302859.5
United States,2024-06-16,302859.5
United States,2024-06-17,302859.5
United States,2024-06-18,302859.5
United States,2024-06-19,302859.5
United States,2024-06-20,302859.5
United States,2024-06-21,302859.5
United States,2024-06-22,302859.5
United States,2024-06-23,302859.5
United States,2024-06-24,302859.5
United States,2024-06-25,302859.5
United States,2024-06-26,302859.5
United States,2024-06-27,302859.5
United States,2024-06-28,302859.5
United States,2024-06-29,302859.5
United States,2024-06-30,302859.5
United States,2024-07-01,302859.5
United States,2024-07-02,302859.5
United States,2024-07-03,302859.5
United States,2024-07-04,302859.5
United States,2024-07-05,302859.5
United States,2024-07-06,302859.5
United States,2024-07-07,302859.5
United States,2024-07-08,302859.5
United States,2024-07-09,302859.5
United States,2024-07-10,302859.5
United States,2024-07-11,302859.5
United States,2024-07-12,302859.5
United States,2024-07-13,302859.5
United States,2024-07-14,302859.5
United States,2024-07-15,302859.5
United States,2024-07-16,302859.5
United States,2024-07-17,302859.5
United States,2024-07-18,302859.5
United States,2024-07-19,302859.5
United States,2024-07-20,302859.5
United States,2024-07-21,302859.5
United States,2024-07-22,302859.5
United States,2024-07-23,302859.5
United States,2024-07-24,302859.5
United States,2024-07-25,302859.5
United States,2024-07-26,302859.5
United States,2024-07-27,302859.5
United States,2024-07-28,302859.5
United States,2024-07-29,302859.5
United States,2024-07-30,302859.5
United States,2024-07-31,302859.5
United States,2024-08-01,302859.5
United States,2024-08-02,302859.5
United States,2024-08-03,302859.5
United States,2024-08-04,302859.5
United States,2024-08-05,302859.5
United States,2024-08-06,302859.5
United States,2024-08-07,302859.5
United States,2024-08-08,302859.5
United States,2024-08-09,302859.5
United States,2024-08-10,302859.5
United States,2024-08-11,302859.5
United States,2024-08-12,302859.5
United States,2024-08-13,302859.5
United States,2024-08-14,302859.5
United States,2024-08-15,302859.5
United States,2024-08-16,302859.5
United States,2024-08-17,302859.5
United States,2024-08-18,302859.5
United States,2024-08-19,302859.5
United States,2024-08-20,302859.5
United States,2024-08-21,302859.5
United States,2024-08-22,302859.5
United States,2024-08-23,302859.5
United States,2024-08-24,302859.5
United States,2024-08-25,302859.5
United States,2024-08-26,302859.5
United States,2024-08-27,302859.5
United States,2024-08-28,302859.5
United States,2024-08-29,302859.5
United States,2024-08-30,302859.5
United States,2024-08-31,302859.5
United States,2024-09-01,302859.5
United States,2024-09-02,302859.5
United States,2024-09-03,302859.5
United States,2024-09-04,302859.5
United States,2024-09-05,302859.5
United States,2024-09-06,302859.5
United States,2024-09-07,302859.5
United States,2024-09-08,302859.5
United States,2024-09-09,302859.5
United States,2024-09-10,302859.5
United States,2024-09-11,302859.5
United States,2024-09-12,302859.5
United States,2024-09-13,302859.5
United States,2024-09-14,302859.5
United States,2024-09-15,302859.5
United States,2024-09-16,302859.5
United States,2024-09-17,302859.5
United States,2024-09-18,302859.5
United States,2024-09-19,302859.5
United States,2024-09-20,302859.5
United States,2024-09-21,302859.5
United States,2024-09-22,302859.5
United States,2024-09-23,302859.5
United States,2024-09-24,302859.5
United States,2024-09-25,302859.5
United States,2024-09-26,302859.5
United States,2024-09-27,302859.5
United States,2024-09-28,302859.5
United States,2024-09-29,302859.5
United States,2024-09-30,302859.5
United States,2024-10-01,302859.5
United States,2024-10-02,302859.5
United States,2024-10-03,302859.5
United States,2024-10-04,302859.5
United States,2024-10-05,302859.5
United States,2024-10-06,302859.5
United States,2024-10-07,302859.5
United States,2024-10-08,302859.5
United States,2024-10-09,302859.5
United States,2024-10-10,302859.5
United States,2024-10-11,302859.5
United States,2024-10-12,302859.5
United States,2024-10-13,302859.5
United States,2024-10-14,302859.5
United States,2024-10-15,302859.5
United States,2024-10-16,302859.5
United States,2024-10-17,302859.5
United States,2024-10-18,302859.5
United States,2024-10-19,302859.5
United States,2024-10-20,302859.5
United States,2024-10-21,302859.5
United States,2024-10-22,302859.5
United States,2024-10-23,302859.5
United States,2024-10-24,302859.5
United States,2024-10-25,302859.5
United States,2024-10-26,302859.5
United States,2024-10-27,302859.5
United States,2024-10-28,302859.5
United States,2024-10-29,302859.5
United States,2024-10-30,302859.5
United States,2024-10-31,302859.5
United States,2024-11-01,302859.5
United States,2024-11-02,302859.5
United States,2024-11-03,302859.5
United States,2024-11-04,302859.5
United States,2024-11-05,302859.5
United States,2024-11-06,302859.5
United States,2024-11-07,302859.5
United States,2024-11-08,302859.5
United States,2024-11-09,302859.5
United States,2024-11-10,302859.5
United States,2024-11-11,302859.5
United States,2024-11-12,302859.5
United States,2024-11-13,302859.5
United States,2024-11-14,302859.5
United States,2024-11-15,302859.5
United States,2024-11-16,302859.5
United States,2024-11-17,302859.5
United States,2024-11-18,302859.5
United States,2024-11-19,302859.5
United States,2024-11-20,302859.5
United States,2024-11-21,302859.5
United States,2024-11-22,302859.5
United States,2024-11-23,302859.5
United States,2024-11-24,302859.5